Name,Storage_details,Screen_size,Camera_details,Battery_details,Processor,Warranty,Price in Rupees
"Redmi 8 (Onyx Black, 64 GB)",4 GB RAM | 64 GB ROM | Expandable Upto 512 GB,15.8 cm (6.22 inch) HD+ Display,12MP + 2MP | 8MP Front Camera,5000 mAh Battery,Qualcomm Snapdragon 439 Processor,Brand Warranty of 1 Year Available for Mobile and 6 Months for Accessories,"8,999"
"Realme C3 (Frozen Blue, 32 GB)",3 GB RAM | 32 GB ROM | Expandable Upto 256 GB,16.56 cm (6.52 inch) HD+ Display,12MP + 2MP | 5MP Front Camera,5000 mAh Battery,Helio G70 Processor,Brand Warranty of 1 Year Available for Mobile and 6 Months for Accessories,"7,499"
"Realme C3 (Blazing Red, 32 GB)",3 GB RAM | 32 GB ROM | Expandable Upto 256 GB,16.56 cm (6.52 inch) HD+ Display,12MP + 2MP | 5MP Front Camera,5000 mAh Battery,Helio G70 Processor,Brand Warranty of 1 Year Available for Mobile and 6 Months for Accessories,"7,499"
"Realme 5i (Aqua Blue, 128 GB)",4 GB RAM | 128 GB ROM |,16.56 cm (6.52 inch) HD+ Display,12MP + 8MP + 2MP + 2MP | 8MP Front Camera,5000 mAh Battery,Qualcomm Snapdragon 665 (2 GHz) Processor,Brand Warranty of 1 Year Available for Mobile and 6 Months for Accessories,"10,999"
"Realme 5i (Forest Green, 64 GB)",4 GB RAM | 64 GB ROM |,16.56 cm (6.52 inch) HD+ Display,12MP + 8MP + 2MP + 2MP | 8MP Front Camera,5000 mAh Battery,Qualcomm Snapdragon 665 2 GHz Processor,Brand Warranty of 1 Year Available for Mobile and 6 Months for Accessories,"9,999"
"Realme 5i (Aqua Blue, 64 GB)",4 GB RAM | 64 GB ROM |,16.56 cm (6.52 inch) HD+ Display,12MP + 8MP + 2MP + 2MP | 8MP Front Camera,5000 mAh Battery,Qualcomm Snapdragon 665 2 GHz Processor,Brand Warranty of 1 Year Available for Mobile and 6 Months for Accessories,"9,999"
"Realme C2 (Diamond Black, 32 GB)",3 GB RAM | 32 GB ROM | Expandable Upto 256 GB,15.49 cm (6.1 inch) HD+ Display,13MP + 2MP | 5MP Front Camera,4000 mAh Battery,MediaTek P22 Octa Core 2.0 GHz Processor,Brand Warranty of 1 Year Available for Mobile and 6 Months for Accessories,"7,499"
"Realme C2 (Diamond Blue, 32 GB)",2 GB RAM | 32 GB ROM | Expandable Upto 256 GB,15.49 cm (6.1 inch) HD+ Display,13MP + 2MP | 5MP Front Camera,4000 mAh Battery,MediaTek P22 Octa Core 2.0 GHz Processor,Brand Warranty of 1 Year Available for Mobile and 6 Months for Accessories,"6,499"
"Realme C2 (Diamond Black, 32 GB)",2 GB RAM | 32 GB ROM | Expandable Upto 256 GB,15.49 cm (6.1 inch) HD+ Display,13MP + 2MP | 5MP Front Camera,4000 mAh Battery,MediaTek P22 Octa Core 2.0 GHz Processor,Brand Warranty of 1 Year Available for Mobile and 6 Months for Accessories,"6,499"
"Redmi 8 (Emerald Green, 64 GB)",4 GB RAM | 64 GB ROM | Expandable Upto 512 GB,15.8 cm (6.22 inch) HD+ Display,12MP + 2MP | 8MP Front Camera,5000 mAh Battery,Qualcomm Snapdragon 439 Processor,Brand Warranty of 1 Year Available for Mobile and 6 Months for Accessories,"8,999"
"Redmi 8 (Ruby Red, 64 GB)",4 GB RAM | 64 GB ROM | Expandable Upto 512 GB,15.8 cm (6.22 inch) HD+ Display,12MP + 2MP | 8MP Front Camera,5000 mAh Battery,Qualcomm Snapdragon 439 Processor,Brand Warranty of 1 Year Available for Mobile and 6 Months for Accessories,"8,999"
"Redmi 8 (Sapphire Blue, 64 GB)",4 GB RAM | 64 GB ROM | Expandable Upto 512 GB,15.8 cm (6.22 inch) HD+ Display,12MP + 2MP | 8MP Front Camera,5000 mAh Battery,Qualcomm Snapdragon 439 Processor,Brand Warranty of 1 Year Available for Mobile and 6 Months for Accessories,"8,999"
"Realme C2 (Diamond Sapphire, 32 GB)",3 GB RAM | 32 GB ROM | Expandable Upto 256 GB,15.49 cm (6.1 inch) HD+ Display,13MP + 2MP | 5MP Front Camera,4000 mAh Battery,MediaTek P22 Octa Core 2.0 GHz Processor,Brand Warranty of 1 Year Available for Mobile and 6 Months for Accessories,"7,499"
"Realme C2 (Diamond Ruby, 32 GB)",3 GB RAM | 32 GB ROM | Expandable Upto 256 GB,15.49 cm (6.1 inch) HD+ Display,13MP + 2MP | 5MP Front Camera,4000 mAh Battery,MediaTek P22 Octa Core 2.0 GHz Processor,Brand Warranty of 1 Year Available for Mobile and 6 Months for Accessories,"7,499"
"Realme C3 (Frozen Blue, 64 GB)",4 GB RAM | 64 GB ROM | Expandable Upto 256 GB,16.56 cm (6.52 inch) HD+ Display,12MP + 2MP | 5MP Front Camera,5000 mAh Battery,Helio G70 Processor,Brand Warranty of 1 Year Available for Mobile and 6 Months for Accessories,"8,499"
"Redmi 8A (Midnight Black, 32 GB)",2 GB RAM | 32 GB ROM | Expandable Upto 512 GB,15.8 cm (6.22 inch) HD+ Display,12MP Rear Camera | 8MP Front Camera,5000 mAh Battery,Qualcomm Snapdragon 439 Processor,Brand Warranty of 1 Year Available for Mobile and 6 Months for Accessories,"6,999"
"Realme 5s (Crystal Blue, 64 GB)",4 GB RAM | 64 GB ROM | Expandable Upto 256 GB,16.51 cm (6.5 inch) HD+ Display,48MP + 8MP + 2MP + 2MP | 13MP Front Camera,5000 mAh Battery,Qualcomm Snapdragon 665 Processor,Brand Warranty of 1 Year Available for Mobile and 6 Months for Accessories,"10,999"
"Redmi 8A (Ocean Blue, 32 GB)",3 GB RAM | 32 GB ROM | Expandable Upto 512 GB,15.8 cm (6.22 inch) HD+ Display,12MP Rear Camera | 8MP Front Camera,5000 mAh Battery,Qualcomm Snapdragon 439 Processor,Brand Warranty of 1 Year Available for Mobile and 6 Months for Accessories,"7,499"
"Realme 5s (Crystal Purple, 64 GB)",4 GB RAM | 64 GB ROM | Expandable Upto 256 GB,16.51 cm (6.5 inch) HD+ Display,48MP + 8MP + 2MP + 2MP | 13MP Front Camera,5000 mAh Battery,Qualcomm Snapdragon 665 Processor,Brand Warranty of 1 Year Available for Mobile and 6 Months for Accessories,"11,999"
"Realme 5s (Crystal Blue, 128 GB)",4 GB RAM | 128 GB ROM | Expandable Upto 256 GB,16.51 cm (6.5 inch) HD+ Display,48MP + 8MP + 2MP + 2MP | 13MP Front Camera,5000 mAh Battery,Qualcomm Snapdragon 665 Processor,Brand Warranty of 1 Year Available for Mobile and 6 Months for Accessories,"11,999"
"Redmi 8A (Sunset Red, 32 GB)",3 GB RAM | 32 GB ROM | Expandable Upto 512 GB,15.8 cm (6.22 inch) HD+ Display,12MP Rear Camera | 8MP Front Camera,5000 mAh Battery,Qualcomm Snapdragon 439 Processor,Brand Warranty of 1 Year Available for Mobile and 6 Months for Accessories,"7,499"
"Infinix Hot 8 (Quetzal Cyan, 64 GB)",4 GB RAM | 64 GB ROM |,16.56 cm (6.52 inch) HD+ Display,13MP + 2MP + Low Light Sensor | 8MP Front Camera,5000 mAh Li-ion Polymer Battery,Helio P22 (MTK6762) Processor,Brand Warranty of 1 Year Available for Mobile and 6 Months for Accessories,"7,999"
"Infinix Hot 8 (Cosmic Purple, 64 GB)",4 GB RAM | 64 GB ROM |,16.56 cm (6.52 inch) HD+ Display,13MP + 2MP + Low Light Sensor | 8MP Front Camera,5000 mAh Li-ion Polymer Battery,Helio P22 (MTK6762) Processor,Brand Warranty of 1 Year Available for Mobile and 6 Months for Accessories,"7,999"
"Redmi Note 7S (Sapphire Blue, 64 GB)",4 GB RAM | 64 GB ROM | Expandable Upto 256 GB,16.0 cm (6.3 inch) Full HD+ Display,48MP + 5MP | 13MP Front Camera,4000 mAh Battery,Qualcomm Snapdragon 660 AIE Processor,Brand Warranty of 1 Year Available for Mobile and 6 Months for Accessories,"11,999"
"Redmi 8 (Onyx Black, 64 GB)",4 GB RAM | 64 GB ROM | Expandable Upto 512 GB,15.8 cm (6.22 inch) HD+ Display,12MP + 2MP | 8MP Front Camera,5000 mAh Battery,Qualcomm Snapdragon 439 Processor,Brand Warranty of 1 Year Available for Mobile and 6 Months for Accessories,"8,999"
"Realme C3 (Frozen Blue, 32 GB)",3 GB RAM | 32 GB ROM | Expandable Upto 256 GB,16.56 cm (6.52 inch) HD+ Display,12MP + 2MP | 5MP Front Camera,5000 mAh Battery,Helio G70 Processor,Brand Warranty of 1 Year Available for Mobile and 6 Months for Accessories,"7,499"
"Realme C3 (Blazing Red, 32 GB)",3 GB RAM | 32 GB ROM | Expandable Upto 256 GB,16.56 cm (6.52 inch) HD+ Display,12MP + 2MP | 5MP Front Camera,5000 mAh Battery,Helio G70 Processor,Brand Warranty of 1 Year Available for Mobile and 6 Months for Accessories,"7,499"
"Realme 5i (Aqua Blue, 128 GB)",4 GB RAM | 128 GB ROM |,16.56 cm (6.52 inch) HD+ Display,12MP + 8MP + 2MP + 2MP | 8MP Front Camera,5000 mAh Battery,Qualcomm Snapdragon 665 (2 GHz) Processor,Brand Warranty of 1 Year Available for Mobile and 6 Months for Accessories,"10,999"
"Realme 5i (Forest Green, 64 GB)",4 GB RAM | 64 GB ROM |,16.56 cm (6.52 inch) HD+ Display,12MP + 8MP + 2MP + 2MP | 8MP Front Camera,5000 mAh Battery,Qualcomm Snapdragon 665 2 GHz Processor,Brand Warranty of 1 Year Available for Mobile and 6 Months for Accessories,"9,999"
"Realme 5i (Aqua Blue, 64 GB)",4 GB RAM | 64 GB ROM |,16.56 cm (6.52 inch) HD+ Display,12MP + 8MP + 2MP + 2MP | 8MP Front Camera,5000 mAh Battery,Qualcomm Snapdragon 665 2 GHz Processor,Brand Warranty of 1 Year Available for Mobile and 6 Months for Accessories,"9,999"
"Realme C2 (Diamond Black, 32 GB)",3 GB RAM | 32 GB ROM | Expandable Upto 256 GB,15.49 cm (6.1 inch) HD+ Display,13MP + 2MP | 5MP Front Camera,4000 mAh Battery,MediaTek P22 Octa Core 2.0 GHz Processor,Brand Warranty of 1 Year Available for Mobile and 6 Months for Accessories,"7,499"
"Realme C2 (Diamond Blue, 32 GB)",2 GB RAM | 32 GB ROM | Expandable Upto 256 GB,15.49 cm (6.1 inch) HD+ Display,13MP + 2MP | 5MP Front Camera,4000 mAh Battery,MediaTek P22 Octa Core 2.0 GHz Processor,Brand Warranty of 1 Year Available for Mobile and 6 Months for Accessories,"6,499"
"Realme C2 (Diamond Black, 32 GB)",2 GB RAM | 32 GB ROM | Expandable Upto 256 GB,15.49 cm (6.1 inch) HD+ Display,13MP + 2MP | 5MP Front Camera,4000 mAh Battery,MediaTek P22 Octa Core 2.0 GHz Processor,Brand Warranty of 1 Year Available for Mobile and 6 Months for Accessories,"6,499"
"Redmi 8 (Emerald Green, 64 GB)",4 GB RAM | 64 GB ROM | Expandable Upto 512 GB,15.8 cm (6.22 inch) HD+ Display,12MP + 2MP | 8MP Front Camera,5000 mAh Battery,Qualcomm Snapdragon 439 Processor,Brand Warranty of 1 Year Available for Mobile and 6 Months for Accessories,"8,999"
"Redmi 8 (Ruby Red, 64 GB)",4 GB RAM | 64 GB ROM | Expandable Upto 512 GB,15.8 cm (6.22 inch) HD+ Display,12MP + 2MP | 8MP Front Camera,5000 mAh Battery,Qualcomm Snapdragon 439 Processor,Brand Warranty of 1 Year Available for Mobile and 6 Months for Accessories,"8,999"
"Redmi 8 (Sapphire Blue, 64 GB)",4 GB RAM | 64 GB ROM | Expandable Upto 512 GB,15.8 cm (6.22 inch) HD+ Display,12MP + 2MP | 8MP Front Camera,5000 mAh Battery,Qualcomm Snapdragon 439 Processor,Brand Warranty of 1 Year Available for Mobile and 6 Months for Accessories,"8,999"
"Realme C2 (Diamond Sapphire, 32 GB)",3 GB RAM | 32 GB ROM | Expandable Upto 256 GB,15.49 cm (6.1 inch) HD+ Display,13MP + 2MP | 5MP Front Camera,4000 mAh Battery,MediaTek P22 Octa Core 2.0 GHz Processor,Brand Warranty of 1 Year Available for Mobile and 6 Months for Accessories,"7,499"
"Realme C2 (Diamond Ruby, 32 GB)",3 GB RAM | 32 GB ROM | Expandable Upto 256 GB,15.49 cm (6.1 inch) HD+ Display,13MP + 2MP | 5MP Front Camera,4000 mAh Battery,MediaTek P22 Octa Core 2.0 GHz Processor,Brand Warranty of 1 Year Available for Mobile and 6 Months for Accessories,"7,499"
"Realme C3 (Frozen Blue, 64 GB)",4 GB RAM | 64 GB ROM | Expandable Upto 256 GB,16.56 cm (6.52 inch) HD+ Display,12MP + 2MP | 5MP Front Camera,5000 mAh Battery,Helio G70 Processor,Brand Warranty of 1 Year Available for Mobile and 6 Months for Accessories,"8,499"
"Redmi 8A (Midnight Black, 32 GB)",2 GB RAM | 32 GB ROM | Expandable Upto 512 GB,15.8 cm (6.22 inch) HD+ Display,12MP Rear Camera | 8MP Front Camera,5000 mAh Battery,Qualcomm Snapdragon 439 Processor,Brand Warranty of 1 Year Available for Mobile and 6 Months for Accessories,"6,999"
"Realme 5s (Crystal Blue, 64 GB)",4 GB RAM | 64 GB ROM | Expandable Upto 256 GB,16.51 cm (6.5 inch) HD+ Display,48MP + 8MP + 2MP + 2MP | 13MP Front Camera,5000 mAh Battery,Qualcomm Snapdragon 665 Processor,Brand Warranty of 1 Year Available for Mobile and 6 Months for Accessories,"10,999"
"Redmi 8A (Ocean Blue, 32 GB)",3 GB RAM | 32 GB ROM | Expandable Upto 512 GB,15.8 cm (6.22 inch) HD+ Display,12MP Rear Camera | 8MP Front Camera,5000 mAh Battery,Qualcomm Snapdragon 439 Processor,Brand Warranty of 1 Year Available for Mobile and 6 Months for Accessories,"7,499"
"Realme 5s (Crystal Purple, 64 GB)",4 GB RAM | 64 GB ROM | Expandable Upto 256 GB,16.51 cm (6.5 inch) HD+ Display,48MP + 8MP + 2MP + 2MP | 13MP Front Camera,5000 mAh Battery,Qualcomm Snapdragon 665 Processor,Brand Warranty of 1 Year Available for Mobile and 6 Months for Accessories,"11,999"
"Realme 5s (Crystal Blue, 128 GB)",4 GB RAM | 128 GB ROM | Expandable Upto 256 GB,16.51 cm (6.5 inch) HD+ Display,48MP + 8MP + 2MP + 2MP | 13MP Front Camera,5000 mAh Battery,Qualcomm Snapdragon 665 Processor,Brand Warranty of 1 Year Available for Mobile and 6 Months for Accessories,"11,999"
"Redmi 8A (Sunset Red, 32 GB)",3 GB RAM | 32 GB ROM | Expandable Upto 512 GB,15.8 cm (6.22 inch) HD+ Display,12MP Rear Camera | 8MP Front Camera,5000 mAh Battery,Qualcomm Snapdragon 439 Processor,Brand Warranty of 1 Year Available for Mobile and 6 Months for Accessories,"7,499"
"Infinix Hot 8 (Quetzal Cyan, 64 GB)",4 GB RAM | 64 GB ROM |,16.56 cm (6.52 inch) HD+ Display,13MP + 2MP + Low Light Sensor | 8MP Front Camera,5000 mAh Li-ion Polymer Battery,Helio P22 (MTK6762) Processor,Brand Warranty of 1 Year Available for Mobile and 6 Months for Accessories,"7,999"
"Infinix Hot 8 (Cosmic Purple, 64 GB)",4 GB RAM | 64 GB ROM |,16.56 cm (6.52 inch) HD+ Display,13MP + 2MP + Low Light Sensor | 8MP Front Camera,5000 mAh Li-ion Polymer Battery,Helio P22 (MTK6762) Processor,Brand Warranty of 1 Year Available for Mobile and 6 Months for Accessories,"7,999"
"Redmi Note 7S (Sapphire Blue, 64 GB)",4 GB RAM | 64 GB ROM | Expandable Upto 256 GB,16.0 cm (6.3 inch) Full HD+ Display,48MP + 5MP | 13MP Front Camera,4000 mAh Battery,Qualcomm Snapdragon 660 AIE Processor,Brand Warranty of 1 Year Available for Mobile and 6 Months for Accessories,"11,999"
"Redmi 8A (Ocean Blue, 32 GB)",2 GB RAM | 32 GB ROM | Expandable Upto 512 GB,15.8 cm (6.22 inch) HD+ Display,12MP Rear Camera | 8MP Front Camera,5000 mAh Battery,Qualcomm Snapdragon 439 Processor,Brand Warranty of 1 Year Available for Mobile and 6 Months for Accessories,"6,999"
"Realme C3 (Blazing Red, 64 GB)",4 GB RAM | 64 GB ROM | Expandable Upto 256 GB,16.56 cm (6.52 inch) HD+ Display,12MP + 2MP | 5MP Front Camera,5000 mAh Battery,Helio G70 Processor,Brand Warranty of 1 Year Available for Mobile and 6 Months for Accessories,"8,499"
"Redmi Note 7 Pro (Space Black, 64 GB)",6 GB RAM | 64 GB ROM | Expandable Upto 256 GB,16.0 cm (6.3 inch) Full HD+ Display,48MP + 5MP | 13MP Front Camera,4000 mAh Li-polymer Battery,Qualcomm Snapdragon 675 Processor,Brand Warranty of 1 Year Available for Mobile and 6 Months for Accessories,"12,999"
"Realme 5s (Crystal Red, 64 GB)",4 GB RAM | 64 GB ROM | Expandable Upto 256 GB,16.51 cm (6.5 inch) HD+ Display,48MP + 8MP + 2MP + 2MP | 13MP Front Camera,5000 mAh Battery,Qualcomm Snapdragon 665 Processor,Brand Warranty of 1 Year Available for Mobile and 6 Months for Accessories,"11,999"
"Realme 5s (Crystal Purple, 128 GB)",4 GB RAM | 128 GB ROM | Expandable Upto 256 GB,16.51 cm (6.5 inch) HD+ Display,48MP + 8MP + 2MP + 2MP | 13MP Front Camera,5000 mAh Battery,Qualcomm Snapdragon 665 Processor,Brand Warranty of 1 Year Available for Mobile and 6 Months for Accessories,"11,999"
"Gionee F205 (Black, 16 GB)",2 GB RAM | 16 GB ROM | Expandable Upto 256 GB,13.84 cm (5.45 inch) HD+ Display,8MP Rear Camera | 5MP Front Camera,2670 mAh Lithium-polymer Battery,MediaTek MT6739 Processor,Brand Warranty of 1 Year Available for Mobile and 6 Months for Accessories,"3,999"
"Vivo Z1Pro (Sonic Blue, 128 GB)",6 GB RAM | 128 GB ROM | Expandable Upto 256 GB,16.59 cm (6.53 inch) Full HD+ Display,16MP + 2MP + 8MP | 32MP Front Camera,5000 mAh Battery,Qualcomm Snapdragon 712 AIE Octa Core 2.3GHz Processor,Brand Warranty of 1 Year Available for Mobile and 6 Months for Accessories,"16,990"
"Vivo Z1Pro (Sonic Black, 64 GB)",6 GB RAM | 64 GB ROM | Expandable Upto 256 GB,16.59 cm (6.53 inch) Full HD+ Display,16MP + 2MP + 8MP | 32MP Front Camera,5000 mAh Battery,Qualcomm Snapdragon 712 AIE Octa Core 2.3GHz Processor,Brand Warranty of 1 Year Available for Mobile and 6 Months for Accessories,"14,990"
"Vivo Z1Pro (Sonic Black, 64 GB)",4 GB RAM | 64 GB ROM | Expandable Upto 256 GB,16.59 cm (6.53 inch) Full HD+ Display,16MP + 2MP + 8MP | 32MP Front Camera,5000 mAh Battery,Qualcomm Snapdragon 712 AIE Octa Core 2.3GHz Processor,Brand Warranty of 1 Year Available for Mobile and 6 Months for Accessories,"13,990"
"Vivo Z1Pro (Sonic Black, 128 GB)",6 GB RAM | 128 GB ROM | Expandable Upto 256 GB,16.59 cm (6.53 inch) Full HD+ Display,16MP + 2MP + 8MP | 32MP Front Camera,5000 mAh Battery,Qualcomm Snapdragon 712 AIE Octa Core 2.3GHz Processor,Brand Warranty of 1 Year Available for Mobile and 6 Months for Accessories,"16,990"
"Realme C2 (Diamond Blue, 32 GB)",3 GB RAM | 32 GB ROM | Expandable Upto 256 GB,15.49 cm (6.1 inch) HD+ Display,13MP + 2MP | 5MP Front Camera,4000 mAh Battery,MediaTek P22 Octa Core 2.0 GHz Processor,Brand Warranty of 1 Year Available for Mobile and 6 Months for Accessories,"7,499"
"Redmi Go (Black, 8 GB)",1 GB RAM | 8 GB ROM | Expandable Upto 128 GB,12.7 cm (5 inch) HD Display,8MP Rear Camera | 5MP Front Camera,3000 mAh Li Polymer Battery,Qualcomm Snapdragon 425 Processor,Brand Warranty of 1 Year Available for Mobile and 6 Months for Accessories,"4,499"
"Vivo Z1Pro (Sonic Blue, 64 GB)",6 GB RAM | 64 GB ROM | Expandable Upto 256 GB,16.59 cm (6.53 inch) Full HD+ Display,16MP + 2MP + 8MP | 32MP Front Camera,5000 mAh Battery,Qualcomm Snapdragon 712 AIE Octa Core 2.3GHz Processor,Brand Warranty of 1 Year Available for Mobile and 6 Months for Accessories,"14,990"
"Vivo Z1Pro (Sonic Blue, 64 GB)",4 GB RAM | 64 GB ROM | Expandable Upto 256 GB,16.59 cm (6.53 inch) Full HD+ Display,16MP + 2MP + 8MP | 32MP Front Camera,5000 mAh Battery,Qualcomm Snapdragon 712 AIE Octa Core 2.3GHz Processor,Brand Warranty of 1 Year Available for Mobile and 6 Months for Accessories,"13,990"
"Mi A3 (Kind of Grey, 64 GB)",4 GB RAM | 64 GB ROM | Expandable Upto 256 GB,15.44 cm (6.08 inch) HD+ Display,48MP + 8MP + 2MP | 32MP Front Camera,4030 mAh Battery,Qualcomm Snapdragon 665 Processor,Brand Warranty of 1 Year Available for Mobile and 6 Months for Accessories,"11,948"
"Realme 5 (Crystal Purple, 32 GB)",3 GB RAM | 32 GB ROM | Expandable Upto 256 GB,16.51 cm (6.5 inch) HD+ Display,12MP + 8MP + 2MP + 2MP Quad Camera | 13MP Front Camera,5000 mAH Battery,Qualcomm Snapdragon 665 2 GHz Processor,Brand Warranty of 1 Year Available for Mobile and 6 Months for Accessories,"9,999"
"Realme 5 (Crystal Blue, 32 GB)",3 GB RAM | 32 GB ROM | Expandable Upto 256 GB,16.51 cm (6.5 inch) HD+ Display,12MP + 8MP + 2MP + 2MP Quad Camera | 13MP Front Camera,5000 mAH Battery,Qualcomm Snapdragon 665 2 GHz Processor,Brand Warranty of 1 Year Available for Mobile and 6 Months for Accessories,"9,999"
"Realme 5 (Crystal Blue, 128 GB)",4 GB RAM | 128 GB ROM | Expandable Upto 256 GB,16.51 cm (6.5 inch) HD+ Display,12MP + 8MP + 2MP + 2MP Quad Camera | 13MP Front Camera,5000 mAH Battery,Qualcomm Snapdragon 665 2 GHz Processor,Brand Warranty of 1 Year Available for Mobile and 6 Months for Accessories,"11,999"
"Realme 5 (Crystal Purple, 128 GB)",4 GB RAM | 128 GB ROM | Expandable Upto 256 GB,16.51 cm (6.5 inch) HD+ Display,12MP + 8MP + 2MP + 2MP Quad Camera | 13MP Front Camera,5000 mAH Battery,Qualcomm Snapdragon 665 2 GHz Processor,Brand Warranty of 1 Year Available for Mobile and 6 Months for Accessories,"11,999"
"Realme 5 (Crystal Blue, 64 GB)",4 GB RAM | 64 GB ROM | Expandable Upto 256 GB,16.51 cm (6.5 inch) HD+ Display,12MP + 8MP + 2MP + 2MP Quad Camera | 13MP Front Camera,5000 mAH Battery,Qualcomm Snapdragon 665 2 GHz Processor,Brand Warranty of 1 Year Available for Mobile and 6 Months for Accessories,"10,999"
"Redmi Note 7S (Onyx Black, 32 GB)",3 GB RAM | 32 GB ROM | Expandable Upto 256 GB,16.0 cm (6.3 inch) Full HD+ Display,48MP + 5MP | 13MP Front Camera,4000 mAh Battery,Qualcomm Snapdragon 660 AIE Processor,Brand Warranty of 1 Year Available for Mobile and 6 Months for Accessories,"9,999"
"Vivo U10 (Electric Blue, 32 GB)",3 GB RAM | 32 GB ROM | Expandable Upto 256 GB,16.13 cm (6.35 inch) HD+ Display,13MP + 8MP + 2MP | 8MP Front Camera,5000 mAh Li-ion Battery,Qualcomm Snapdragon 665 AIE Processor,Brand Warranty of 1 Year Available for Mobile and 6 Months for Accessories,"9,990"
"Redmi 7A (Matte Gold, 32 GB)",2 GB RAM | 32 GB ROM | Expandable Upto 256 GB,13.84 cm (5.45 inch) HD+ Display,12MP Rear Camera | 5MP Front Camera,4000 mAh Li-Polymer Battery,Qualcomm Snapdragon 439 Processor,Brand Warranty of 2 Years Available for Mobile and 6 Months for Accessories,"6,699"
"Redmi Note 7 Pro (Astro Moonlight White, 64 GB)",6 GB RAM | 64 GB ROM | Expandable Upto 256 GB,16.0 cm (6.3 inch) Full HD+ Display,48MP + 5MP | 13MP Front Camera,4000 mAh Li-polymer Battery,Qualcomm Snapdragon 675 Processor,Brand Warranty of 1 Year Available for Mobile and 6 Months for Accessories,"12,999"
"Realme XT (Pearl Blue, 64 GB)",6 GB RAM | 64 GB ROM | Expandable Upto 256 GB,16.26 cm (6.4 inch) Display,64MP + 8MP + 2MP + 2MP Quad Camera | 16MP Front Camera,4000 mAh Battery,Qualcomm 712 Processor,No data available,"17,999"
"POCO X2 (Phoenix Red, 128 GB)",6 GB RAM | 128 GB ROM | Expandable Upto 512 GB,16.94 cm (6.67 inch) Full HD+ Display,64MP + 8MP + 2MP + 2MP | 20MP + 2MP Dual Front Camera,4500 mAh Lithium-ion Polymer Battery,Qualcomm Snapdragon 730G Processor,Brand Warranty of 1 Year Available for Mobile and 6 Months for Accessories,"17,999"
"Redmi Note 7 Pro (Space Black, 64 GB)",4 GB RAM | 64 GB ROM | Expandable Upto 256 GB,16.0 cm (6.3 inch) Full HD+ Display,48MP + 5MP | 13MP Front Camera,4000 mAh Li-polymer Battery,Qualcomm Snapdragon 675 Processor,Brand Warranty of 1 Year Available for Mobile and 6 Months for Accessories,"10,999"
"Vivo U10 (Electric Blue, 64 GB)",4 GB RAM | 64 GB ROM | Expandable Upto 256 GB,16.13 cm (6.35 inch) HD+ Display,13MP + 8MP + 2MP | 8MP Front Camera,5000 mAh Li-ion Battery,Qualcomm Snapdragon 665 AIE Processor,Brand Warranty of 1 Year Available for Mobile and 6 Months for Accessories,"11,990"
"Redmi Note 7 Pro (Neptune Blue, 64 GB)",4 GB RAM | 64 GB ROM | Expandable Upto 256 GB,16.0 cm (6.3 inch) Full HD+ Display,48MP + 5MP | 13MP Front Camera,4000 mAh Li-polymer Battery,Qualcomm Snapdragon 675 Processor,Brand Warranty of 1 Year Available for Mobile and 6 Months for Accessories,"10,999"
"OPPO A7 (Glaring Gold, 64 GB)",4 GB RAM | 64 GB ROM | Expandable Upto 256 GB,15.75 cm (6.2 inch) HD+ Display,13MP + 2MP | 16MP Front Camera,4230 mAh Battery,Qualcomm Snapdragon 450 Processor,Brand Warranty of 1 Year Available for Mobile and 6 Months for Battery and Accessories,"10,990"
"Honor 20i (Phantom Blue, 128 GB)",4 GB RAM | 128 GB ROM | Expandable Upto 512 GB,15.77 cm (6.21 inch) Full HD+ Display,24MP + 2MP + 8MP | 32MP Front Camera,3400 mAh Battery,HiSilicon Kirin 710 Processor,"Brand Warranty of 1 Year Available for Mobile, 6 Months for Battery, 3 Months for Adapter and Data Cable","10,999"
"Realme 5 Pro (Crystal Green, 128 GB)",8 GB RAM | 128 GB ROM | Expandable Upto 256 GB,16.0 cm (6.3 inch) Full HD+ Display,48MP + 8MP + 2MP + 2MP Quad Camera | 16MP Front Camera,4035 mAh Battery,Qualcomm Snapdragon SDM712 Octa Core 2.3 GHz Processor,Brand Warranty of 1 Year Available for Mobile and 6 Months for Accessories,"16,999"
"Realme 5 Pro (Sparkling Blue, 64 GB)",4 GB RAM | 64 GB ROM | Expandable Upto 256 GB,16.0 cm (6.3 inch) Full HD+ Display,48MP + 8MP + 2MP + 2MP Quad Camera | 16MP Front Camera,4035 mAh Battery,Qualcomm Snapdragon SDM712 Octa Core 2.3 GHz Processor,Brand Warranty of 1 Year Available for Mobile and 6 Months for Accessories,"13,999"
"Redmi Note 8 Pro (Gamma Green, 128 GB)",8 GB RAM | 128 GB ROM | Expandable Upto 512 GB,16.59 cm (6.53 inch) Full HD+ Display,64MP + 8MP + 2MP + 2MP | 20MP Front Camera,4500 mAh Li-polymer Battery,MediaTek Helio G90T Processor,No data available,"18,999"
"Redmi Note 8 Pro (Shadow Black, 128 GB)",6 GB RAM | 128 GB ROM | Expandable Upto 512 GB,16.59 cm (6.53 inch) Full HD+ Display,64MP + 8MP + 2MP + 2MP | 20MP Front Camera,4500 mAh Li-polymer Battery,MediaTek Helio G90T Processor,No data available,"16,275"
"Redmi Note 8 Pro (Electric Blue, 128 GB)",6 GB RAM | 128 GB ROM | Expandable Upto 512 GB,16.59 cm (6.53 inch) Full HD+ Display,64MP + 8MP + 2MP + 2MP | 20MP Front Camera,4500 mAh Li-polymer Battery,MediaTek Helio G90T Processor,No data available,"16,999"
"Redmi Note 8 Pro (Electric Blue, 128 GB)",8 GB RAM | 128 GB ROM | Expandable Upto 512 GB,16.59 cm (6.53 inch) Full HD+ Display,64MP + 8MP + 2MP + 2MP | 20MP Front Camera,4500 mAh Li-polymer Battery,MediaTek Helio G90T Processor,No data available,"18,499"
"Realme XT (Pearl Blue, 128 GB)",8 GB RAM | 128 GB ROM | Expandable Upto 256 GB,16.26 cm (6.4 inch) Display,64MP + 8MP + 2MP + 2MP Quad Camera | 16MP Front Camera,4000 mAh Battery,Qualcomm 712 Processor,No data available,"19,999"
"Vivo Y91 (Nebula Purple, 32 GB)",3 GB RAM | 32 GB ROM | Expandable Upto 256 GB,15.8 cm (6.22 inch) HD+ Display,13MP + 2MP | 8MP Front Camera,4030 mAh Battery,Qualcomm Snapdragon 439 Processor,Brand Warranty of 1 Year Available for Mobile and 6 Months for Accessories,"8,999"
"Redmi Note 8 (Moonlight White, 128 GB)",6 GB RAM | 128 GB ROM |,16.0 cm (6.3 inch) Full HD+ Display,48MP + 8MP | 13MP Front Camera,4000 mAh Battery,1 year manufacturer warranty for device and 6 months manufacturer warranty for in-box accessories including batteries from the date of purchase,No data available,"13,390"
